model,r2_test,rmse_test
RandomForestRegressor,0.5751754312041295,9.285939777525547
LinearRegression,0.41142333845621093,10.930060574219876
