r2_test,rmse_test,intercept
0.11135733342777066,13.430266507106627,40.37858858145777
