resume_avg_sentence_length_quartile,count,mean_absolute_error,rmse,mean_actual_score
Q1,6163,8.977316055171375,10.45329499218744,52.64334090540321
Q2,5977,7.347004385902837,9.066650121283352,41.15210891751715
Q3,6039,7.057295617285723,8.753134448656873,33.38014820334492
Q4,6037,7.029190300000746,8.735220744100522,34.257628789133676
